{"Ket": 1069.3026521502893, "Lyte": 1000, "Moo": 1000, "Crispy": 946.6973478497104, "Skittles": 1000, "Joran": 1000, "Jod": 984.0, "Fred": 1000}